,ID,Progress,Duration..in.seconds.,RecordedDate,Age,Lang,Standing,TimeUNL,FirstGen,Courses,Major,Minor,StartMajor,ContMajor,GPA,CumuGPA,RaceEth,age_yr,GenderRec,MIA_Reg,MIA_Know,Group_2.x,Group_1.x,CorResp_2,CorResp_1,TrialRT_2,TrialRT_1,CorrTrialRT_2,CorrTrialRT_1,ConfRT_2,ConfRT_1,ConfResp_2,ConfResp_1,UnderConf_2,UnderConf_1,OverConf_2,OverConf_1,PreConf_2,PreConf_1,PostConf_2,PostConf_1,AUROC2_2,AUROC2_1,BROC_2,BROC_1,BioPropAcc_2,BioPropAcc_1,dprime_2,dprime_1,c_2,c_1,meta_d_2,meta_d_1,M_ratio_2,M_ratio_1,Group_1.y,Group_2.y,DotsAcc_1,DotsAcc_2,DotsTrialRT_1,DotsTrialRT_2,DotCorTrialRT_1,DotCorTrialRT_2,DotConfRT_1,DotConfRT_2,DotConfResp_1,DotConfResp_2,DotOverConf_1,DotOverConf_2,DotPreConf_1,DotPreConf_2,DotPostConf_1,DotPostConf_2,DotsAUROC2_1,DotsAUROC2_2,DotsBROC_1,DotsBROC_2,DotsPropAcc_1,DotsPropAcc_2,DotsdPrime_1,DotsdPrime_2,Dots_c_1,Dots_c_2,Dots_MetaD_1,Dots_MetaD_2,Dots_MRatio_1,Dots_MRatio_2
1,1101,100,75560,10/18/24 11:31,5,1,2,3,2,,,,1,1,3.4,3.4,1,20,Male,22,12,NA,LowType2,NA,19,NA,8349.085714,NA,8610.947368,NA,1082.685714,NA,3.315789474,NA,4,NA,15,NA,NA,NA,NA,NA,0.487528345,NA,0,NA,50,NA,NA,NA,NA,NA,NA,NA,NA,LowType2,NA,97,NA,622.0134454,NA,629.1989474,NA,623.0245763,NA,2.425,NA,2,NA,NA,NA,NA,NA,0.694545455,NA,0.51602106,NA,80.83333333,NA,1.713548584,NA,0.089002794,NA,1.428754304,NA,0.833798538,NA
2,1102,100,163,10/14/24 11:18,5,1,2,3,2,,,,2,1,4,4,1,20,Male,29,16,HighType2,HighType2,25,28,5610.947368,6489.368421,5502.6,5637.357143,1029.157895,1337.052632,2.921052632,2.789473684,4,8,6,5,NA,NA,NA,NA,0.688888889,0.6375,-0.298026999,-0.101123596,65.78947368,73.68421053,0.772401554,1.213698071,0.067561413,-0.109648465,1.411820382,0.987340233,1.827832135,0.813497406,HighType2,HighType2,92,92,565.5083333,422.5666667,572.7173913,429.4505495,508.7478992,351.1525424,2.375,2.633333333,5,10,NA,NA,NA,NA,0.681914894,0.671276596,0.254902201,0.007339143,76.66666667,76.66666667,1.586149636,2.14887279,0.442365523,0.848043074,1.545271934,1.804706137,0.974228344,0.839838517
3,1103,100,256,10/19/24 14:26,5,1,2,3,1,,,,2,1,3.4,3.4,4,20,Female,24,10,NA,NoFB,NA,20,NA,4293.135135,NA,4212.2,NA,699.8421053,NA,2.815789474,NA,3,NA,14,NA,NA,NA,NA,NA,0.531818182,NA,-0.150960847,NA,52.63157895,NA,NA,NA,NA,NA,NA,NA,NA,NoFB,NA,90,NA,868.6101695,NA,631.2579545,NA,413.6449153,NA,2.85,NA,11,NA,NA,NA,NA,NA,0.699388587,NA,-0.099357101,NA,75,NA,1.322037712,NA,0.026011671,NA,1.361169446,NA,1.02959956,NA
4,1104,100,189,10/20/24 15:43,5,1,2,3,2,,,,2,1,unsure,3.7,1,20,Female,27,17,NA,LowType1,NA,25,NA,6942.631579,NA,6661.04,NA,1058.526316,NA,2.526315789,NA,11,NA,6,NA,NA,NA,NA,NA,0.549382716,NA,-0.004284949,NA,65.78947368,NA,0.786878552,NA,0.20432085,NA,0.311678345,NA,0.3960946,LowType1,NA,96,NA,555.6416667,NA,556.9375,NA,576.4745763,NA,3.075,NA,16,NA,NA,NA,NA,NA,0.653649922,NA,-0.255286546,NA,80,NA,1.661277685,NA,-0.068796065,NA,1.102933853,NA,0.663906982,NA
5,1106,100,434,10/11/24 15:27,5,1,3,5,2,,,,1,1,3.626,3.564,1,20,Female,19,16,NA,LowType2,NA,21,NA,8551.944444,NA,8046.380952,NA,1362,NA,3.105263158,NA,4,NA,10,NA,NA,NA,NA,NA,0.640732265,NA,-0.222041883,NA,55.26315789,NA,NA,NA,NA,NA,NA,NA,NA,LowType2,NA,92,NA,593.9033333,NA,515.1673913,NA,498.210084,NA,2.758333333,NA,16,NA,NA,NA,NA,NA,0.556914894,NA,-0.013895544,NA,76.66666667,NA,1.914612537,NA,-0.774358128,NA,0.765241154,NA,0.399684605,NA
6,1107,100,109,10/14/24 15:55,6,1,3,2,2,,,,1,1,3.9,3.7,1,21,Female,25,NA,HighType2,HighType2,22,26,5663.631579,5586.473684,5554.454545,5492.230769,984.4736842,1222.605263,3.368421053,3.315789474,3,4,13,9,NA,NA,NA,NA,0.572916667,0.577806122,-0.128002868,-0.180442375,57.89473684,68.42105263,NA,0.91639949,NA,-0.139560381,NA,0.419351669,NA,0.457607925,HighType2,HighType2,88,94,743.9658333,1007.674167,680.6295454,1023.802128,603.4150944,382.2954955,2.841666667,2.616666667,23,18,NA,NA,NA,NA,0.566830065,0.459449405,-0.070224539,0.071703829,73.33333333,78.33333333,1.317477644,1.53837577,0.444689346,0.043029916,0.766792627,9.42701175153868e-05,0.582015665,6.1278992656538e-05
7,1109,100,832,10/11/24 21:14,5,1,2,3,2,,,,1,1,3.9,3.9,4,20,Female,26,12,HighType2,HighType2,28,25,6417.648649,8759.783784,6119.642857,8374.84,724.8157895,697.0263158,3.263157895,3.184210526,6,4,8,7,NA,NA,NA,NA,0.593055556,0.625925926,0.025481666,-0.298026999,73.68421053,65.78947368,1.209177217,0.836145613,0.150826418,-0.298424694,0.71242382,0.806324892,0.589180651,0.964335493,HighType2,HighType2,94,95,605.4575,625.7291667,660.4840425,559.3042553,355.1575472,296.1517241,2.458333333,2.6,4,4,NA,NA,NA,NA,0.684680451,0.731386025,0.314358675,0.267748479,78.33333333,79.16666667,1.694338802,1.671826979,-0.266767815,0.462836184,1.227346389,1.638463959,0.724380736,0.980043976
8,1111,100,281,10/18/24 14:14,5,1,2,3,2,,,,1,1,3.8,3.6,1,20,Female,18,13,LowType2,LowType2,20,29,8256.540541,9374.657895,8256.3,8808.655172,1236.552632,1131.894737,3,2.815789474,6,10,12,4,NA,NA,NA,NA,0.5125,0.517595308,-0.028277635,-0.04439615,52.63157895,76.31578947,NA,1.353175152,NA,-0.07882745,NA,5.92853286259564e-06,NA,4.38120139293708e-06,LowType2,LowType2,94,96,704.6333333,390.7833333,603.0425532,368.771875,864.8991453,655.0575,2.441666667,2.416666667,1,4,NA,NA,NA,NA,0.757440476,0.722527473,0.738556367,0.283916084,78.33333333,80,1.554477993,1.888321818,-0.179478871,0.477335786,1.71096868,1.468744917,1.100670892,0.777804346
9,1112,NA,NA,NA,NA,NA,NA,NA,NA,,,,NA,NA,NA,NA,NA,NA,NA,NA,NA,NoFB,NA,29,NA,10403.30556,NA,10617.82759,NA,945.4054054,NA,3.605263158,NA,2,NA,7,NA,NA,NA,NA,NA,0.626099707,NA,-0.458261085,NA,76.31578947,NA,1.388351481,NA,0.24041355,NA,1.192725944,NA,0.859095093,NA,NA,NoFB,NA,92,NA,1152.571667,NA,1131.179348,NA,503.6966387,NA,2.216666667,NA,4,NA,NA,NA,NA,NA,0.637943262,NA,0.328839902,NA,76.66666667,NA,1.422593904,NA,0.050545825,NA,0.975708894,NA,0.685866072
10,1113,NA,NA,NA,NA,NA,NA,NA,NA,,,,NA,NA,NA,NA,NA,NA,NA,NA,NA,NA,LowType2,NA,23,NA,530.6842105,NA,530.3478261,NA,510.1315789,NA,4,NA,0,NA,15,NA,NA,NA,NA,NA,0.514117647,NA,0,NA,60.52631579,NA,NA,NA,NA,NA,NA,NA,NA,LowType2,NA,90,NA,366.6308333,NA,357.4453488,NA,183.9830508,NA,2,NA,0,NA,NA,NA,NA,NA,0.494904891,NA,0,NA,75,NA,1.306287252,NA,-0.247745904,NA,0.000301356,NA,0.000230697,NA
11,1114,100,485,10/19/24 14:23,4,1,2,this is my first semester,2,,,,1,1,4,4,1,18,Female,19,11,NoFB,NoFB,27,28,6335.648649,8354.694444,6701.148148,8233.642857,1015.447368,1856,2.657894737,2.105263158,11,16,3,2,NA,NA,NA,NA,0.603448276,0.626388889,0.097958342,0.209677419,71.05263158,73.68421053,1.07405439,1.213698071,0.218387831,-0.109648465,0.630560578,0.782129759,0.5870844,0.644418721,NoFB,NoFB,92,96,1510.784615,1377.665546,1399.72,1522.411458,616.2077586,545.7608333,2.025,2.316666667,2,7,NA,NA,NA,NA,0.695390071,0.583594976,0.567562469,0.094196004,76.66666667,80,1.437128374,1.678681658,-0.279636985,-0.128080737,1.362173005,0.557781438,0.947843651,0.332273505
12,1116,100,517,10/17/24 17:29,5,1,2,3,2,,,,1,1,3.82,3.82,1,20,Female,22,15,HighType2,HighType2,30,28,9105.351351,11814.45946,9167.8,11946.46429,1708.105263,1718.736842,3,2.842105263,5,10,6,7,NA,NA,NA,NA,0.6203125,0.558333333,-0.14893617,0.044568245,78.94736842,73.68421053,1.510830053,1.213698071,0,-0.109648465,1.073314371,0.631742303,0.710413702,0.520510264,HighType2,HighType2,94,93,1027.184034,977.935,1026.246237,957.5731183,979.9481818,619.8584746,2.425,2.433333333,4,3,NA,NA,NA,NA,0.700892857,0.741197822,0.311897687,0.42980049,78.33333333,77.5,1.526783946,1.617370238,0.116739892,0.445767824,1.466742313,1.970335984,0.960674441,1.218234352
13,1118,100,178,10/20/24 22:56,5,1,2,0,2,,,,1,1,3.92,3.92,4,20,Female,33,17,NoFB,NoFB,28,26,6204.815789,11380.80556,5809.428571,10758.07692,1087.578947,1493.891892,3.684210526,3.526315789,1,3,10,9,NA,NA,NA,NA,0.530555556,0.633928571,1,-0.295019157,73.68421053,68.42105263,1.209177217,0.91639949,0.150826418,-0.139560381,0.153780119,1.280147443,0.127177487,1.39693164,NoFB,NoFB,91,92,950.912605,393.5433333,720.8067416,390.6022222,720.1153846,360.9127119,3.641666667,3.65,28,27,NA,NA,NA,NA,0.518036767,0.534219858,-0.507800155,-0.236462797,75.83333333,76.66666667,1.37274826,1.453207929,0.116798435,0.240817602,0.004841102,0.226403054,0.003526577,0.155795361
14,1119,100,390,11/3/24 13:10,NA,1,2,3,2,,,,1,1,3.9,3.78,3,NA,Diverse,17,13,LowType2,LowType2,24,25,7826.657895,6649.243243,7710.083333,6322.48,1195.026316,1087.868421,2.5,2.184210526,13,13,7,3,NA,NA,NA,NA,0.520432692,0.698765432,-0.003484321,0.168772443,63.15789474,65.78947368,NA,0.772401554,NA,0.067561413,NA,1.485502033,NA,1.923225069,LowType2,LowType2,100,95,1014.591667,767.8425,928.25,711.9252631,854.9663866,568.8616667,2.366666667,1.933333333,4,0,NA,NA,NA,NA,0.660427807,0.700840015,0.216454456,1,83.33333333,79.16666667,1.873226163,1.598248985,-0.154183687,-0.060800286,1.126914122,1.518249976,0.601589997,0.949945841
15,1120,100,341,10/25/24 8:52,4,1,1,1,2,,,,1,1,N/A,N/A,1,18,Female,20,15,NoFB,NoFB,21,21,6322.210526,9432.333333,6477.761905,9979.52381,990.0526316,1117.736842,2.842105263,2.710526316,5,8,9,9,NA,NA,NA,NA,0.64416476,0.553775744,-0.157311561,-0.027439814,55.26315789,55.26315789,NA,NA,NA,NA,NA,NA,NA,NA,NoFB,NoFB,93,99,1116.475833,499.8133333,647.8526882,427.1141414,747.8983193,436.2882353,2.575,2.441666667,7,4,NA,NA,NA,NA,0.715063521,0.697158846,0.099976586,0.235821019,77.5,82.5,1.568017433,2.027328684,0.208899435,0.398523237,1.872144132,1.546908578,1.193956198,0.763028014
16,1121,100,286,10/24/24 15:01,4,1,1,one,2,,,,1,1,3.6,3.6,1,18,Female,23,15,NoFB,NoFB,20,24,7774.552632,8222.131579,8165.4,8614.25,909.5789474,1139.710526,3.289473684,3.289473684,3,7,14,12,NA,NA,NA,NA,0.544318182,0.454326923,-0.150960847,0.255733821,52.63157895,63.15789474,NA,NA,NA,NA,NA,NA,NA,NA,NoFB,NoFB,94,93,650.6233333,517.4675,631.556383,495.8,432.4369748,315.7525424,3.666666667,3.2,25,17,NA,NA,NA,NA,0.547619048,0.667763158,-0.089658847,-0.291687092,78.33333333,77.5,1.540736079,1.460906565,-0.135360854,0.085921676,0.289146224,0.752514423,0.187667588,0.515100994
17,1122,100,232,10/24/24 20:53,4,1,1,1,2,,,,1,1,4,4,1,18,Female,25,14,LowType2,LowType2,17,22,5494.972973,3871.473684,5695.176471,3058.090909,960.6578947,704.1578947,2.447368421,2.736842105,6,8,7,10,NA,NA,NA,NA,0.660183066,0.496527778,0.013651877,-0.00637649,44.73684211,57.89473684,NA,NA,NA,NA,NA,NA,NA,NA,LowType2,LowType2,90,94,696.4791667,505.1689076,721.2888889,377.7446809,537.3686441,307.3495727,3.533333333,2.458333333,29,6,NA,NA,NA,NA,0.532269022,0.71577381,0.538053097,0.12410351,75,78.33333333,1.484501759,1.53567959,0.26773929,0.000462364,0.346029129,1.585212986,0.233094455,1.032255033
18,1124,100,288,10/24/24 13:51,4,1,1,1,2,,,,1,1,3.7,3.8,1,18,Female,31,16,HighType2,HighType2,21,20,8361.921053,10249.22222,8439.857143,9454.65,910.6578947,992.9210526,2.789473684,2.842105263,4,5,10,14,NA,NA,NA,NA,0.64416476,0.504545455,-0.222041883,0.040685225,55.26315789,52.63157895,NA,NA,NA,NA,NA,NA,NA,NA,HighType2,HighType2,90,90,691.4208333,666.3,600.0655556,636.1122222,271.8422414,202.1068376,3.15,3.05,20,20,NA,NA,NA,NA,0.705672554,0.627377717,-0.511969761,-0.384615385,75,75,1.345012244,1.409421006,-0.050969453,-0.226292807,1.442586126,0.816407913,1.072544977,0.579250564
19,1125,100,778,10/25/24 16:25,4,1,1,This is my first,2,,,,2,1,3.929,3.929?,1,18,Female,29,13,HighType2,HighType2,22,21,9607.297297,10397.97297,10080.27273,10407.57143,1322.236842,1386.263158,2.763157895,2.710526316,5,8,6,10,NA,NA,NA,NA,0.685185185,0.543478261,-0.143307087,-0.01336047,57.89473684,55.26315789,NA,NA,NA,NA,NA,NA,NA,NA,HighType2,HighType2,93,94,462.4,498.825,439.1222222,495.9468085,684.9830508,397.6806723,2.625,2.616666667,10,12,NA,NA,NA,NA,0.623956443,0.587425595,-0.009235521,-0.03681105,77.5,78.33333333,1.606317794,1.525165544,-0.270403479,0.073719145,0.487063504,0.569956047,0.303217399,0.373701103
20,1127,100,514,10/28/24 20:42,4,1,1,1,2,,,,1,3,4,n/a,1,18,Female,22,14,LowType1,LowType1,27,22,8251.837838,10713.5,8236.62963,10254.04545,1253.894737,1213.184211,2.815789474,2.631578947,8,10,4,6,NA,NA,NA,NA,0.663129973,0.653935185,-0.052056489,0.02811245,71.05263158,57.89473684,1.051522316,NA,-0.071998968,NA,1.135440734,NA,1.079806597,NA,LowType1,LowType1,93,96,1389.458333,765.3083333,1288.967742,698.65625,1091.183486,435.8983051,2.466666667,2.625,7,3,NA,NA,NA,NA,0.663702359,0.736656201,0.114373169,0.368223128,77.5,80,1.530376355,1.703410235,-0.23614312,-0.165426315,1.1249476,1.798115295,0.735079052,1.055597329
21,1129,NA,NA,NA,NA,NA,NA,NA,NA,,,,NA,NA,NA,NA,NA,NA,NA,NA,NA,NA,HighType2,NA,11,NA,7096.805556,NA,7514.909091,NA,1164.842105,NA,2.710526316,NA,4,NA,18,NA,NA,NA,NA,NA,0.530503979,NA,0.020242915,NA,28.94736842,NA,NA,NA,NA,NA,NA,NA,NA,HighType2,NA,92,NA,811.2766667,NA,753.1413043,NA,517.1948276,NA,2.983333333,NA,16,NA,NA,NA,NA,NA,0.695390071,NA,-0.309912559,NA,76.66666667,NA,1.42522251,NA,0.007545362,NA,1.33147977,NA,0.934225892,NA
22,1130,100,977,11/6/24 9:53,NA,1,1,1,2,,,,1,1,4,4,1,NA,Female,18,11,LowType1,LowType1,27,24,6397.815789,8110.416667,6309.148148,8032.833333,1016.763158,1732.578947,2.552631579,2.394736842,12,14,5,7,NA,NA,NA,NA,0.588859416,0.491586538,-0.002061856,-0.014084507,71.05263158,63.15789474,1.07405439,NA,0.218387831,NA,0.848813271,NA,0.790288908,NA,LowType1,LowType1,93,92,569.6016667,394.1783333,515.9010753,386.551087,576.026087,343.0364407,2.575,2.633333333,9,3,NA,NA,NA,NA,0.596733212,0.713829787,0.055992141,0.444786521,77.5,76.66666667,1.770570519,1.658365326,0.936463271,0.652361828,0.778995535,1.994632117,0.439968658,1.202770033
23,1131,100,536,11/5/24 20:24,4,1,1,1,2,,,,1,1,3.7,3.7,1,18,Female,28,15,HighType2,HighType2,26,21,9096.894737,12587.72222,9537.423077,12362.19048,1348.473684,1872.184211,2.631578947,2.5,12,10,7,8,NA,NA,NA,NA,0.383928571,0.561784897,0.011117613,0.00059803,68.42105263,55.26315789,0.9210293,NA,-0.094408293,NA,2.17993741045734e-07,NA,2.36684914544319e-07,NA,HighType2,HighType2,94,98,963.8916667,561.6583333,863.7234043,512.2653061,796.0948276,337.9411765,2.316666667,2.225,3,0,NA,NA,NA,NA,0.740885417,0.736458333,0.41998162,1,78.33333333,81.66666667,1.545096286,1.767278424,0.299759022,-0.003507347,1.655619369,1.670198217,1.071531518,0.945067961
24,1134,100,365,1/30/25 16:51,4,1,1,1,2,,,,1,1,3.898,3.898,1,18,Female,15,14,LowType1,LowType1,22,21,7962.594595,7264.947368,8082.590909,7351.285714,1109.105263,857.7894737,2.447368421,2.289473684,8,12,5,5,NA,NA,NA,NA,0.6875,0.602974828,0.03711206,0.082397004,57.89473684,55.26315789,NA,NA,NA,NA,NA,NA,NA,NA,LowType1,LowType1,95,91,739.0116667,492.0433333,730.42,458.1252747,643.6134454,468.3125,2.15,2.466666667,5,8,NA,NA,NA,NA,0.596983582,0.64880333,0.195543175,0.104424806,79.16666667,75.83333333,1.734459973,1.382133259,0.316894884,0.016576879,0.883490533,1.351623785,0.509374991,0.977925809
25,1135,100,275,2/3/25 15:08,4,1,1,2,2,,,,1,2,4,4,4,18,Female,23,13,HighType2,HighType2,27,29,7398.222222,8307.216216,6475.407407,8042.931034,1310.973684,962.1578947,2.815789474,2.789473684,4,5,8,4,NA,NA,NA,NA,0.595490716,0.692082111,-0.222299846,-0.267520723,71.05263158,76.31578947,1.044208413,1.388351481,0.115379955,0.24041355,1.007535968,1.602651416,0.964880148,1.154355679,HighType2,HighType2,93,92,649.5375,221.5933333,439.9172043,221.5206522,504.3863248,190.1550847,2.325,2.875,4,19,NA,NA,NA,NA,0.646642468,0.608156028,0.324877632,-0.123581689,77.5,76.66666667,1.52712479,1.539051602,-0.24856863,-0.390835737,1.031081106,0.68920009,0.675178029,0.447808305
26,1136,100,321,1/31/25 9:41,4,1,1,2,2,,,,1,2,4,4,1,18,Female,20,14,NoFB,NoFB,28,28,6923.263158,10440.22222,7262.035714,10199.46429,1108.947368,1450.763158,2.868421053,2.815789474,7,9,6,4,NA,NA,NA,NA,0.613888889,0.676388889,-0.122807018,-0.047778149,73.68421053,73.68421053,1.265541264,1.209177217,-0.266664275,-0.150826418,1.092714998,1.314409921,0.863436878,1.087028356,NoFB,NoFB,96,95,1109.930833,695.1133333,1050.265625,627.08,700.3277311,426.9225,2.116666667,2.083333333,1,1,NA,NA,NA,NA,0.612637363,0.577701413,0.65655623,0.612903226,80,79.16666667,1.64021975,1.68037924,-0.187935175,-0.450043595,0.958683567,0.758854746,0.584484833,0.451597311
27,1138,100,273,2/4/25 16:34,4,1,1,1,1,,,,1,2,1.9,1.9,1,18,Female,20,14,NA,NoFB,NA,20,NA,9183.742857,NA,8668.75,NA,1861.342105,NA,2.5,NA,9,NA,6,NA,NA,NA,NA,NA,0.607954545,NA,0.053814311,NA,52.63157895,NA,NA,NA,NA,NA,NA,NA,NA,NoFB,NoFB,91,92,949.475,824.005,915.1758242,892.4461539,614.8358333,464.040678,1.558333333,1.65,0,0,NA,NA,NA,NA,0.580992022,0.675531915,1,1,75.83333333,76.66666667,1.372011219,1.417911426,-0.025254482,-0.116538778,0.614516188,1.342217573,0.447894434,0.946615951
28,1139,100,279,2/5/25 18:15,4,1,2,This is my second semester at UNL,2,,,,2,1,4,4,1,18,Female,23,16,NA,LowType1,NA,22,NA,7021.973684,NA,7646.090909,NA,680.8421053,NA,3.078947368,NA,1,NA,12,NA,NA,NA,NA,NA,0.696759259,NA,-0.624161074,NA,57.89473684,NA,NA,NA,NA,NA,NA,NA,NA,LowType1,LowType1,94,95,455.6366667,368.4908333,441.1184783,322.4293478,483.955,267.8542373,3.475,3.608333333,21,21,NA,NA,NA,NA,0.55952381,0.58419244,-0.284195665,-0.538352273,78.33333333,79.16666667,1.610746299,1.589019952,-0.223431612,-0.019944546,0.278621642,0.519084194,0.172976739,0.3266694
29,1140,100,336,1/31/25 12:44,NA,1,2,3,2,,,,2,1,3.95,3.89,1,NA,Female,14,13,LowType1,LowType1,25,24,7201.184211,10079.73684,7552.44,10703,1141.078947,1113.078947,2.421052632,2.684210526,12,8,3,5,NA,NA,NA,NA,0.658024691,0.621394231,0.168772443,-0.016311167,65.78947368,63.15789474,0.764194696,NA,0.115103223,NA,1.19559718,NA,1.564519076,NA,LowType1,LowType1,98,94,744.5833333,303.6916667,608.1122449,247.8172043,633.3965517,431.6083333,2.666666667,2.775,8,11,NA,NA,NA,NA,0.695,0.722284226,-0.025473626,-0.153103304,81.66666667,78.33333333,1.76532021,1.640623028,-0.095237439,0.309345707,1.252504645,1.459862178,0.70950564,0.889821826
30,1141,100,480,2/3/25 14:47,4,1,1,1,1,,,,1,1,4,4,1,18,Male,31,17,LowType1,LowType1,32,28,8994.783784,13391.61111,8573.59375,13198.57143,1628.052632,1794.394737,2.947368421,2.710526316,9,12,3,5,NA,NA,NA,NA,0.689338235,0.543055556,-0.105831533,-0.010309278,84.21052632,73.68421053,1.905764407,1.209177217,-0.197467177,-0.150826418,1.487912072,0.317154946,0.780742922,0.262289879,LowType1,LowType1,94,91,1162.270833,960.9883333,1078.367021,880.2989011,974.98,473.3116667,1.9,1.9,5,3,NA,NA,NA,NA,0.601190476,0.613596948,0.147663696,0.34131739,78.33333333,75.83333333,1.678287149,1.417678694,-0.386483663,-0.225749944,0.52663257,0.69338052,0.313791695,0.489095677
31,1143,100,392,2/4/25 14:58,4,1,1,1,2,,,,1,1,3.8,3.8,1,18,Female,30,17,LowType1,LowType1,18,18,10541.42105,11352.43243,10858.33333,12400.33333,1294.5,806.8157895,2.710526316,2.657894737,8,10,10,10,NA,NA,NA,NA,0.554545455,0.504545455,-0.00621118,-0.00621118,47.36842105,47.36842105,NA,NA,NA,NA,NA,NA,NA,NA,LowType1,LowType1,94,95,629.2333333,609.0583333,607.2659574,550.2315789,498.0672269,305.4416667,2.175,2.116666667,4,3,NA,NA,NA,NA,0.687313988,0.559946544,0.289586013,0.370315556,78.33333333,79.16666667,1.529222368,1.967125429,-0.030634524,-0.436616355,1.228620791,0.334913279,0.803428472,0.170255172
32,1145,100,460,2/5/25 9:46,4,1,1,1 semester,2,,,,2,1,3.79,3.79,1,18,Female,22,11,NA,NoFB,NA,18,NA,12531.17143,NA,12577.38889,NA,2046.027027,NA,2.631578947,NA,6,NA,10,NA,NA,NA,NA,NA,0.610227273,NA,-0.058823529,NA,47.36842105,NA,NA,NA,NA,NA,NA,NA,NA,NoFB,NA,92,NA,560.4166667,NA,478.8913043,NA,376.4152542,NA,2.55,NA,5,NA,NA,NA,NA,NA,0.738475177,NA,0.246079203,NA,76.66666667,NA,1.480746852,NA,-0.271757599,NA,1.66216377,NA,1.122517172,NA
33,1147,100,260,2/5/25 20:24,4,1,1,1,2,,,,1,1,2.75,2.75,2,18,Female,26,16,NA,HighType2,NA,28,NA,11069.62162,NA,10699.57143,NA,1641.657895,NA,2.947368421,NA,7,NA,4,NA,NA,NA,NA,NA,0.702777778,NA,-0.122807018,NA,73.68421053,NA,1.265541264,NA,-0.266664275,NA,1.381377349,NA,1.091530863,HighType2,NA,97,NA,772.1083333,NA,748.7721649,NA,484.3765217,NA,2.816666667,NA,14,NA,NA,NA,NA,NA,0.552755102,NA,0.000204086,NA,80.83333333,NA,1.843346892,NA,0.435887083,NA,0.529739565,NA,0.287379205,NA
34,1148,100,277,2/6/25 17:41,29,1,4,1,1,,,,1,1,3.4,3.2,2,44,Female,22,11,LowType1,LowType1,19,24,8169.157895,6952.405405,7776.526316,6815.916667,1779.868421,1988.526316,1.973684211,2.263157895,13,18,4,3,NA,NA,NA,NA,0.580498866,0.549278846,0.130434783,0.053763441,50,63.15789474,NA,NA,NA,NA,NA,NA,NA,NA,LowType1,LowType1,94,94,1079.0875,693.475,1116.324731,647.216129,750.237,538.8288136,2.75,2.758333333,17,12,NA,NA,NA,NA,0.511532738,0.646763393,-0.029567035,-0.043462124,78.33333333,78.33333333,1.647138664,1.506281607,0.27323423,0.124236586,0.070442487,1.033356631,0.04276658,0.6860315
35,1151,100,256,2/5/25 15:44,4,1,1,2,2,,,,1,1,not sure,not sure,1,18,Female,18,7,LowType1,LowType1,22,21,3031.605263,7913.756757,3529.409091,7758.333333,720.2894737,1149.184211,2.157894737,2.947368421,15,6,6,11,NA,NA,NA,NA,0.483796296,0.513729977,-0.038626609,-0.056172436,57.89473684,55.26315789,NA,NA,NA,NA,NA,NA,NA,NA,LowType1,LowType1,93,96,502.4625,711.4641667,523.8107527,781.3858696,602.2366667,619.1916667,2.625,2.175,14,3,NA,NA,NA,NA,0.558076225,0.630102041,-0.03680036,0.353016688,77.5,80,2.597028043,1.931035997,1.056569988,0.635490667,0.277450997,0.753021272,0.10683404,0.389957139
36,1153,100,352,2/4/25 18:20,4,1,1,1,2,,,,1,1,3.4,3.4,1,18,Diverse,19,12,LowType1,LowType1,20,22,9412.368421,7731.702703,8502.4,7313.227273,686.8947368,876.5263158,3.157894737,3.289473684,2,2,11,13,NA,NA,NA,NA,0.653409091,0.600694444,-0.450640543,-0.296606677,52.63157895,57.89473684,NA,NA,NA,NA,NA,NA,NA,NA,LowType1,LowType1,93,92,586.7683333,592.8575,535.8,537.7771739,587.282353,392.1084034,3.291666667,2.958333333,22,16,NA,NA,NA,NA,0.697640653,0.691312057,-0.368662282,-0.238309468,77.5,76.66666667,1.651555021,1.423293858,-0.347359815,-0.022783303,1.690808071,1.341891564,1.023767328,0.942807106
37,1154,100,347,2/3/25 18:46,5,1,2,2,2,,,,1,1,4.0 last semester,3.8ish,1,20,NA,24,14,LowType2,LowType2,22,20,8430.105263,9781.722222,9021.636364,10437.5,1245.289474,1129.081081,2.289473684,2.421052632,13,8,3,4,NA,NA,NA,NA,0.58912037,0.682954545,0.226837061,0.162679426,57.89473684,52.63157895,NA,NA,NA,NA,NA,NA,NA,NA,LowType2,LowType2,93,95,1137.241667,647.1041667,695.188172,512.6947368,659.5310924,492.5541667,1.683333333,1.816666667,0,0,NA,NA,NA,NA,0.680399274,0.666666667,1,1,77.5,79.16666667,1.514576012,1.59142828,-0.142146902,-0.000468432,1.349966571,1.217659599,0.891316487,0.765136333
38,1155,100,299,2/4/25 16:11,4,1,1,2-Jan,2,,,,2,1,4,4.0?,4,18,Female,24,12,HighType2,HighType2,29,26,5644.973684,9967.944444,5642.448276,9249.807692,1487.842105,1736.810811,3.342105263,3.447368421,5,2,7,9,NA,NA,NA,NA,0.590909091,0.608418367,-0.095561552,-0.450643777,76.31578947,68.42105263,1.388351481,0.903924823,0.24041355,0.045238159,0.626737113,1.050561486,0.451425393,1.162222189,HighType2,HighType2,96,96,628.8116667,468.6008333,590.45,460.6375,1420.84,684.3066667,2.333333333,2.5,8,6,NA,NA,NA,NA,0.582025118,0.657770801,0.048105973,0.139442231,80,80,1.99398172,1.647273444,-0.518573164,-0.023667818,0.390283547,1.108991613,0.195730755,0.673228611
39,1156,NA,NA,NA,NA,NA,NA,NA,NA,,,,NA,NA,NA,NA,NA,NA,NA,NA,NA,NA,NA,NA,NA,NA,NA,NA,NA,NA,NA,NA,NA,NA,NA,NA,NA,NA,NA,NA,NA,NA,NA,NA,NA,NA,NA,NA,NA,NA,NA,NA,NA,NA,NA,HighType2,NA,92,NA,762.705042,NA,697.4032967,NA,631.8838983,NA,2.483333333,NA,9,NA,NA,NA,NA,NA,0.627304965,NA,0.048671217,NA,76.66666667,NA,1.668329132,NA,0.436905555,NA,0.826245424,NA,0.49525325,NA
40,1157,100,618,1/31/25 17:53,4,1,1,2,2,,,,1,2,3.835,3.883,1,18,Male,26,17,LowType2,LowType2,21,21,6937.432432,7704.567568,7569.380952,7980.809524,727.0526316,699.7368421,3.052631579,2.973684211,2,5,10,10,NA,NA,NA,NA,0.669336384,0.585812357,-0.475198318,-0.143545101,55.26315789,55.26315789,NA,NA,NA,NA,NA,NA,NA,NA,LowType2,LowType2,91,94,801.2766667,502.705,541.4406594,424.3946809,377.0542373,359.5781513,2.816666667,2.7,19,15,NA,NA,NA,NA,0.58411377,0.571056548,-0.174844986,-0.087680504,75.83333333,78.33333333,1.54950346,1.554477993,-0.450875507,-0.179478871,0.664200395,0.514324271,0.428653702,0.330866229
41,1158,100,325,1/30/25 14:58,4,1,1,2,2,,,,1,1,4,4,1,18,Female,12,15,LowType2,LowType2,29,23,5404.657895,8492.297297,5401.827586,8054.478261,533.8947368,766.0789474,3.473684211,3.578947368,2,2,7,10,NA,NA,NA,NA,0.514662757,0.672941176,-0.458261085,-0.473537604,76.31578947,60.52631579,1.396635478,NA,-0.201117168,NA,0.0029567,NA,0.002117016,NA,NA,NA,NA,NA,NA,NA,NA,NA,NA,NA,NA,NA,NA,NA,NA,NA,NA,NA,NA,NA,NA,NA,NA,NA,NA,NA,NA,NA,NA,NA,NA,NA
42,1159,100,396,1/31/25 15:44,4,1,1,One,2,,,,2,1,3.9,4.3,1,18,Female,11,11,NoFB,NoFB,25,22,11574.63889,11735.77143,12427.4,12242.27273,2221.684211,2052.684211,2.421052632,2.315789474,13,11,5,2,NA,NA,NA,NA,0.581481481,0.659722222,0.026555564,0.391304348,65.78947368,57.89473684,0.772401554,NA,-0.067561413,NA,0.584363458,NA,0.756553965,NA,NoFB,NoFB,97,95,870.4483333,479.1825,805.1453608,445.9505263,503.3517241,279.594958,2.208333333,1.75,0,0,NA,NA,NA,NA,0.633939394,0.645093547,1,1,80.83333333,79.16666667,1.707229319,1.79517202,-0.006310119,0.340494326,1.441611702,1.044074501,0.844415971,0.581601367
43,1160,100,211,1/30/25 17:55,5,1,2,4,2,,,,2,1,3.975,3.975,1,20,Female,19,16,LowType2,LowType2,26,22,5979.236842,5861.131579,6145.307692,5796,1006.289474,1103.026316,1.789473684,1.657894737,23,17,1,3,NA,NA,NA,NA,0.480867347,0.559027778,0.14390974,0.070971552,68.42105263,57.89473684,0.944533453,NA,-0.2831483,NA,0.027386523,NA,0.028994762,NA,LowType2,LowType2,97,90,637.4708333,445.7375,662.8322917,406.1866667,529.5881356,285.4066667,2.275,2.175,6,9,NA,NA,NA,NA,0.520606061,0.573369565,0.095204021,0.043576047,80.83333333,75,1.684280774,1.324593821,0.088358817,0.01219284,0.106585233,0.525373344,0.063282343,0.396629771
44,1161,100,121,1/30/25 18:29,4,1,1,1,2,,,,1,1,3.5,3.5,4,18,Female,32,17,NoFB,NoFB,26,16,6565.657895,2339.315789,7471.423077,2643.6875,872.7105263,547.3947368,2.921052632,2.263157895,11,10,10,5,NA,NA,NA,NA,0.394132653,0.530092593,0.274678112,0.143307087,68.42105263,42.10526316,1.118958381,NA,-0.559479191,NA,5.4515750051409e-07,NA,4.87200873366184e-07,NA,NoFB,NoFB,89,98,775.6166667,651.675,711.5795455,533.3061224,435.6864407,462.4416667,2.983333333,2.491666667,20,8,NA,NA,NA,NA,0.550782551,0.640208333,-0.08865509,0.012790202,74.16666667,81.66666667,1.284460084,1.781173315,-0.113184984,0.11074464,0.283208321,0.887435809,0.220488223,0.498231026
45,1163,100,362,2/1/25 9:09,4,1,1,1,2,,,,1,1,4,4,1,18,Female,30,16,HighType2,HighType2,24,25,7447.526316,7612.055556,7471.916667,7652.76,1370.052632,1494.657895,2.710526316,2.710526316,7,6,7,5,NA,NA,NA,NA,0.587740385,0.650617284,-0.095057034,-0.129535083,63.15789474,65.78947368,NA,0.786878552,NA,0.20432085,NA,1.017647272,NA,1.293271076,HighType2,HighType2,99,96,784.5083333,464.25,705.2828283,443,460.9322034,277.3361345,2.841666667,3.2,17,20,NA,NA,NA,NA,0.523461042,0.697017268,-0.090668081,-0.74386921,82.5,80,1.909930092,2.73243251,0.280475296,0.96755232,2.12870821679315e-06,1.788479561,1.11454771354197e-06,0.654537506
46,1164,100,590,2/1/25 8:40,4,1,1,1,2,,,,1,1,4,4,1,18,Female,26,14,HighType2,HighType2,21,17,10428.75676,12156.5,10539.61905,11240.11765,1771.526316,1762.842105,2.342105263,2.736842105,11,7,7,12,NA,NA,NA,NA,0.54805492,0.616704805,0.014682413,-0.005508843,55.26315789,44.73684211,NA,NA,NA,NA,NA,NA,NA,NA,HighType2,HighType2,96,95,697.5108333,506.0433333,596.3177083,451.1631579,839.792437,764.9805085,2.283333333,2.325,0,0,NA,NA,NA,NA,0.733320251,0.805652006,1,1,80,79.16666667,1.663795681,1.602428751,0.409968952,0.16620719,1.692534473,2.69318208,1.01727303,1.680687568
47,1165,100,711,2/3/25 18:46,12,1,3,4 including this one,2,,,,2,1,3.8,3.304,1,27,Female,25,16,HighType2,HighType2,20,22,9192.368421,9514.694444,8283.8,8755.863636,1065.184211,1454.052632,2.815789474,2.894736842,5,3,8,9,NA,NA,NA,NA,0.713636364,0.644675926,-0.136767318,-0.352675007,52.63157895,57.89473684,NA,NA,NA,NA,NA,NA,NA,NA,HighType2,HighType2,92,92,1050.141667,702.0833333,994.1630435,696.7282609,771.2605042,553.8644068,2.5,2.466666667,6,7,NA,NA,NA,NA,0.710638298,0.646099291,0.147961051,0.140768814,76.66666667,76.66666667,1.42522251,1.439904075,0.007545362,0.185776857,1.505773196,1.15050422,1.056517972,0.79901449
48,1166,100,603,1/31/25 9:42,4,1,1,2,2,,,,1,1,3.2,3.2,1,18,Female,19,15,NoFB,NoFB,23,22,4911.236842,8504.783784,5293.434783,8344.590909,665.8157895,1184.526316,3.052631579,3.026315789,4,5,11,14,NA,NA,NA,NA,0.608235294,0.420138889,-0.152962156,0.232442229,60.52631579,57.89473684,NA,NA,NA,NA,NA,NA,NA,NA,NoFB,NoFB,91,93,659.0691667,342.4241667,597.0450549,357.9043956,318.6583333,265.5108333,3.075,3.325,17,21,NA,NA,NA,NA,0.680020812,0.64137931,-0.32907858,-0.615319966,75.83333333,77.5,1.379977791,1.479620897,-0.065426131,-0.005833788,1.126434677,0.831778067,0.816270149,0.562156204
49,1167,100,448,2/1/25 16:41,5,1,3,5,2,,,,2,1,2.653,2.653,1,20,Male,23,8,HighType2,HighType2,31,29,7396,6376.526316,7608.903226,6361.413793,1361.394737,1124.394737,2.605263158,2.763157895,15,10,3,3,NA,NA,NA,NA,0.580808081,0.677419355,0.009788769,0.008254717,81.57894737,76.31578947,1.683919066,1.353175152,0.125462033,0.07882745,0.79345826,1.253248563,0.471197385,0.926153987,HighType2,HighType2,92,95,1307.8,1154.425,1171.326087,998.6421053,504.2436975,374.5966387,1.858333333,1.8,0,0,NA,NA,NA,NA,0.669503546,0.741695304,1,1,76.66666667,79.16666667,1.421441357,1.591046418,-0.103733843,0.121033459,1.25797421,1.813591245,0.884999022,1.139873246
50,1168,100,297,2/3/25 21:06,4,1,1,1,1,,,,1,1,3.22,3.22,1,18,Female,19,11,HighType2,HighType2,24,21,5328.710526,7687.810811,5086.25,7800.142857,959.4210526,1139.605263,2.578947368,2.421052632,12,10,5,3,NA,NA,NA,NA,0.545673077,0.69221968,0.042553191,0.263714422,63.15789474,55.26315789,NA,NA,NA,NA,NA,NA,NA,NA,HighType2,HighType2,95,93,834.4166667,459.3166667,721.7368421,448.1182796,413.6410256,324.6153846,2.291666667,2.25,1,0,NA,NA,NA,NA,0.633638793,0.613430127,0.702595084,1,79.16666667,77.5,1.566372936,1.510735842,0.253246922,0.17922137,1.180088623,1.259991604,0.753389309,0.834025095
51,1169,100,304,2/3/25 14:40,4,1,1,1,2,,,,1,1,no idea,no idea,1,18,Female,29,14,LowType1,LowType1,15,20,6888,9639.694444,6836.8,7552.75,796.3157895,1625.894737,2.315789474,2.157894737,6,10,9,5,NA,NA,NA,NA,0.603529412,0.643181818,0.003795066,0.109589041,39.47368421,52.63157895,NA,NA,NA,NA,NA,NA,NA,NA,LowType1,LowType1,90,90,868.1475,726.2783333,747.3577778,677.2011111,571.4803419,363.3782609,2.683333333,2.575,14,5,NA,NA,NA,NA,0.663383152,0.775985054,-0.163636364,0.193259233,75,75,1.344238444,1.306429267,0.233609672,0.066941984,1.471532037,1.929643817,1.094695695,1.477036581
52,1170,100,181,2/1/25 8:10,4,1,1,2,2,,,,2,1,4,4,1,18,NA,31,16,HighType2,HighType2,29,29,6390.736842,8782.5,5927.724138,8031.896552,1003.842105,1153.973684,3.184210526,3.052631579,5,8,4,4,NA,NA,NA,NA,0.728739003,0.646627566,-0.267520723,-0.105560668,76.31578947,76.31578947,1.353175152,1.388351481,-0.07882745,0.24041355,1.736943389,1.298718856,1.283605737,0.935439529,HighType2,HighType2,91,94,492.1841667,345.6283333,500.5033333,332.6117021,604.035,507.8252101,1.966666667,1.983333333,0,1,NA,NA,NA,NA,0.586194936,0.671130952,1,0.7171727,75.83333333,78.33333333,1.482564555,1.529949174,0.212882976,0.172557652,0.76838015,1.186712698,0.518277702,0.775654981
53,1171,100,445,1/31/25 17:00,4,1,1,1,2,,,,1,1,3.96,3.96,1,18,Female,17,15,LowType2,LowType2,21,21,7560.394737,8036.947368,6539.142857,7605.47619,1333.710526,1176.815789,2.710526316,2.973684211,9,4,8,11,NA,NA,NA,NA,0.559496568,0.597254005,-0.008576329,-0.193896386,55.26315789,55.26315789,NA,NA,NA,NA,NA,NA,NA,NA,LowType2,LowType2,98,97,726.9166667,473.6666667,656.9693878,460.8350515,706.8319328,560.95,2.775,2.275,5,1,NA,NA,NA,NA,0.7525,0.711919192,0.10371496,0.713469421,81.66666667,80.83333333,1.770448471,1.777601814,-0.037919696,-0.251316746,1.796992477,1.634238746,1.014992815,0.919350291
54,1172,100,376,2/7/25 15:56,5,1,1,1,2,,,,1,1,4,4,1,20,Female,19,15,NoFB,NoFB,30,28,7213.894737,8585.027778,7260.633333,8578,1415.736842,1802.421053,3.026315789,3.289473684,7,4,4,7,NA,NA,NA,NA,0.5703125,0.579166667,-0.165803109,-0.26335175,78.94736842,73.68421053,1.536919069,1.192407104,-0.130975373,0.041280609,0.31220626,0.471706589,0.203137736,0.395591898,NoFB,NoFB,93,92,1104.565833,406.8466667,933.8752688,397.0858696,899.6931035,435.8975,2.758333333,2.858333333,8,14,NA,NA,NA,NA,0.722686025,0.654078014,0.039581306,-0.129135539,77.5,76.66666667,1.480440893,1.424705126,-0.001373597,-0.037862813,1.428795,1.06616564,0.965114519,0.748341268
55,1174,100,475,1/31/25 16:15,5,1,2,4 as of this semester ,2,,,,2,1,3.67,3.67,1,20,Female,17,10,HighType2,HighType2,26,23,8944.710526,10708.16216,8927.692308,9615.956522,1078.342105,1411.236842,3.552631579,2.578947368,2,7,12,4,NA,NA,NA,NA,0.614795918,0.701176471,1,0.039689743,68.42105263,60.52631579,0.90752438,NA,0,NA,1.013633017,NA,1.116920977,NA,HighType2,HighType2,91,91,844.1225,460.4733333,747.6516484,429.3611111,528.5206897,489.9728814,2.816666667,3.483333333,11,24,NA,NA,NA,NA,0.727193895,0.637183489,-0.157177247,-0.738156999,75.83333333,75.83333333,1.391515257,1.419185629,0.209971266,0.333565449,1.535524407,1.186656785,1.103490888,0.836153327
56,1175,100,135,2/8/25 10:57,5,1,1,2,2,,,,1,1,4,3.875,1,20,Male,22,13,LowType1,LowType1,28,26,3707.184211,4859.236842,3813.857143,4945.692308,228.1842105,295.1578947,3.026315789,2.657894737,5,6,8,6,NA,NA,NA,NA,0.620833333,0.642857143,-0.043420396,-0.169550173,73.68421053,68.42105263,1.209177217,0.91639949,-0.150826418,-0.139560381,0.879791546,1.218746741,0.727595206,1.329929528,LowType1,LowType1,92,94,504.5758333,535.26,380.3717391,611.111828,194.005042,181.6241379,2.983333333,2.9,21,15,NA,NA,NA,NA,0.59893617,0.651599702,-0.031189084,-0.223767243,76.66666667,78.33333333,1.601070215,1.574638237,0.404809812,0.224811907,1.291054846,1.30021144,0.80636991,0.825720734
57,1177,100,386,3/4/25 9:48,7,1,1,1,2,,,,1,1,2.543,2.543,1,22,Female,13,11,HighType2,HighType2,24,23,8798.27027,11662.02703,9201.791667,11444.52174,1492.684211,2067.815789,2.526315789,2.368421053,9,12,8,7,NA,NA,NA,NA,0.493990385,0.515294118,-0.021956088,0.0012811,63.15789474,60.52631579,NA,NA,NA,NA,NA,NA,NA,NA,HighType2,HighType2,94,92,1252.138333,553.5633333,1047.121277,527.1456522,622.8444444,430.8923729,2.516666667,2.275,5,2,NA,NA,NA,NA,0.696056548,0.620744681,0.215841725,0.542170479,78.33333333,76.66666667,1.583111254,1.471545016,0.151887006,0.297262958,1.582223197,1.106390816,0.999439043,0.751856589
58,1178,100,646,1/31/25 15:47,4,1,1,2,2,,,,1,1,3.95,3.22,1,18,Female,22,14,HighType2,HighType2,24,25,6998.315789,9704,7025.583333,10036,1286.394737,1717.473684,3.105263158,2.842105263,6,10,8,8,NA,NA,NA,NA,0.635817308,0.5,-0.132743363,0.006951341,63.15789474,65.78947368,NA,0.772830609,NA,-0.020308948,NA,6.07204400422809e-11,NA,7.85688860675765e-11,HighType2,HighType2,95,98,966.885,635.36,853.6115789,567.8438776,542.0615385,393.7466102,2.766666667,2.858333333,6,8,NA,NA,NA,NA,0.695350242,0.682708333,0.10098958,-0.042795762,79.16666667,81.66666667,1.59907517,2.381944173,-0.178359959,-0.73931377,1.447134813,1.10638815,0.904982355,0.464489539
59,1179,100,184,2/5/25 16:28,5,1,3,3,2,,,,2,1,4,4,1,20,Female,31,16,LowType2,LowType2,38,37,4911.710526,4134.157895,4911.710526,4070.243243,1072.447368,921.2631579,2.289473684,2.052631579,26,35,0,0,NA,NA,NA,NA,0.45,0.435897436,0,1,100,97.36842105,NA,NA,NA,NA,NA,NA,NA,NA,LowType2,LowType2,92,93,469.3133333,389.505,469.1978261,363.8666667,359.8141667,314.1036036,1.716666667,1.908333333,0,0,NA,NA,NA,NA,0.595035461,0.585480944,1,1,76.66666667,77.5,1.388351135,1.497806411,-0.236323637,-0.086467938,0.718929519,0.867402713,0.517829749,0.579115369
60,1182,NA,NA,NA,NA,NA,NA,NA,NA,,,,NA,NA,NA,NA,NA,NA,NA,NA,NA,HighType2,HighType2,20,24,7210.162162,9510.324324,6189.05,8917.583333,1195.842105,1285.105263,2.868421053,2.552631579,5,12,10,8,NA,NA,NA,NA,0.672727273,0.514423077,-0.136767318,0.010309278,52.63157895,63.15789474,NA,NA,NA,NA,NA,NA,NA,NA,HighType2,HighType2,91,93,1001.887395,596.3591667,1160.148889,564.3774194,490.8394958,394.0529412,2.408333333,2.275,7,3,NA,NA,NA,NA,0.624176205,0.68892922,0.154367961,0.427891055,75.83333333,77.5,1.45117893,1.495858435,-0.205413845,-0.061650415,0.937538207,1.334963583,0.646052797,0.892439787
61,1183,100,280,2/7/25 20:11,4,1,1,2,2,,,,1,1,3.5,,1,18,Diverse,28,14,LowType2,LowType2,28,19,6673.631579,6760,6441.178571,6720.315789,1385.263158,1116.263158,3,2.657894737,7,8,4,7,NA,NA,NA,NA,0.695833333,0.621315193,-0.122807018,0.023255814,73.68421053,50,1.359998775,NA,-0.438958994,NA,1.004728189,NA,0.738771392,NA,LowType2,LowType2,91,92,614.0725,702.685,617.6769231,485.7533333,525.3169643,376.9526316,2.058333333,2.5,7,14,NA,NA,NA,NA,0.607353451,0.535460993,0.101772333,-0.000946074,75.83333333,76.66666667,1.449710725,1.482159128,0.230722175,0.381682734,0.725460532,0.191715706,0.500417442,0.129348936
62,1184,100,290,2/9/25 15:30,4,1,1,2,2,,,,1,1,3.3,3,1,18,Female,17,15,HighType2,HighType2,19,18,8977.578947,8088.702703,8708.789474,8342.444444,1283.447368,1607.5,2.789473684,2.342105263,8,11,12,7,NA,NA,NA,NA,0.471655329,0.560227273,0.023255814,0.021830005,50,47.36842105,NA,NA,NA,NA,NA,NA,NA,NA,HighType2,HighType2,95,99,1297.859167,818.5958333,1240.363158,787.5555556,744.8,588.1542373,2.258333333,2.766666667,3,8,NA,NA,NA,NA,0.71611302,0.643586957,0.392395379,-0.022415209,79.16666667,82.5,1.625894062,1.869168281,0.188384266,0.372522576,1.480225448,0.78990716,0.910407069,0.422598205
63,1185,NA,NA,NA,NA,NA,NA,NA,NA,,,,NA,NA,NA,NA,NA,NA,NA,NA,NA,LowType2,LowType2,21,16,7932.157895,8483.972222,7766.333333,8704.125,999.5428571,968.3684211,3.157894737,3,3,1,16,15,NA,NA,NA,NA,0.413043478,0.702546296,0.377283558,-0.574692443,55.26315789,42.10526316,NA,NA,NA,NA,NA,NA,NA,NA,LowType2,LowType2,94,96,1194.908333,515.7083333,629.6808511,418.6770833,643.6271186,363.375,2.658333333,2.708333333,12,12,NA,NA,NA,NA,0.574404762,0.60066719,-0.020192898,-0.044424297,78.33333333,80,1.567210647,1.732106674,0.249430143,-0.263603884,0.388874352,0.663040928,0.248131515,0.382794511
64,1187,100,205,2/10/25 13:17,4,1,1,1,2,,,,1,3,3,3.5,1,18,Female,14,9,NoFB,NoFB,20,18,2221.810811,7453.676471,2287.8,7611.833333,841.2894737,1478.131579,2.421052632,2.526315789,11,6,11,10,NA,NA,NA,NA,0.460227273,0.614772727,0.020293912,-0.058823529,52.63157895,47.36842105,NA,NA,NA,NA,NA,NA,NA,NA,NoFB,NoFB,90,91,1190.173109,506.8783333,1171.282955,491.7539326,550.7161017,394.8771187,2.333333333,2.166666667,6,4,NA,NA,NA,NA,0.593070652,0.663198058,0.215733737,0.343266158,75,75.83333333,1.322037712,1.377602144,0.026011671,0.091040946,0.703757681,1.096020196,0.532327993,0.79559995
65,1189,100,396,2/11/25 8:45,4,1,1,2,2,,,,1,1,3.856,3.845,1,18,Female,33,17,LowType1,LowType1,22,19,7684.657895,10140.91892,7919.818182,9282.789474,1239.368421,1154.052632,3.157894737,3.078947368,4,7,11,15,NA,NA,NA,NA,0.662037037,0.475056689,-0.181745538,0.166666667,57.89473684,50,NA,NA,NA,NA,NA,NA,NA,NA,NA,NA,NA,NA,NA,NA,NA,NA,NA,NA,NA,NA,NA,NA,NA,NA,NA,NA,NA,NA,NA,NA,NA,NA,NA,NA,NA,NA,NA,NA,NA,NA
66,1190,100,294,2/11/25 17:16,5,1,1,2,2,,,,1,1,4,4,1,20,Female,24,17,LowType1,LowType1,30,20,9483.527778,10091.71053,10116.76667,10595.1,817.7297297,664.2894737,3.921052632,4,0,0,7,18,NA,NA,NA,NA,0.603125,0.503409091,-1,0,78.94736842,52.63157895,1.522344509,NA,0.206249312,NA,2.559892403,NA,1.681546055,NA,LowType1,LowType1,96,94,672.2941176,664.0333333,604.1145833,671.6489362,479.9831933,566.1982759,3.866666667,4,23,26,NA,NA,NA,NA,0.569466248,0.518973214,-1,0,80,78.33333333,1.660363605,1.525637337,0.056964756,0.043099811,0.782050544,0.000777213,0.471011616,0.000509435
67,1191,100,599,2/12/25 15:12,4,1,1,1,2,,,,2,2,2.7,2.9,3,18,Female,31,13,LowType2,LowType2,18,18,8112.514286,14826.77778,9659.388889,13755.27778,951.8684211,2361.162162,2.842105263,2.789473684,3,5,16,12,NA,NA,NA,NA,0.492045455,0.595454545,-0.07063197,-0.089380779,47.36842105,47.36842105,NA,NA,NA,NA,NA,NA,NA,NA,LowType2,LowType2,93,94,1461.36,937.5369748,1215.105376,676.3548387,387.9815789,389.0910714,3.225,3.625,17,19,NA,NA,NA,NA,0.681306715,0.686197917,-0.241592631,-0.534071833,77.5,78.33333333,1.610372219,1.540736079,-0.458481916,-0.135360854,1.151647509,1.721882962,0.715143676,1.11757165
68,1192,NA,NA,NA,NA,NA,NA,NA,NA,,,,NA,NA,NA,NA,NA,NA,NA,NA,NA,NA,NoFB,NA,20,NA,8860.257143,NA,8224.75,NA,1239.297297,NA,2.236842105,NA,13,NA,5,NA,NA,NA,NA,NA,0.546590909,NA,0.062792877,NA,52.63157895,NA,NA,NA,NA,NA,NA,NA,NA,NoFB,NA,91,NA,1245.39,NA,921.7604396,NA,753.2153846,NA,2.183333333,NA,1,NA,NA,NA,NA,NA,0.617585848,NA,0.700272494,NA,75.83333333,NA,1.377932603,NA,0.169518172,NA,1.284613102,NA,0.932275714,NA
69,1194,NA,NA,NA,NA,NA,NA,NA,NA,,,,NA,NA,NA,NA,NA,NA,NA,NA,NA,NA,NoFB,NA,23,NA,5593.277778,NA,5570.869565,NA,1007.555556,NA,2.342105263,NA,12,NA,2,NA,NA,NA,NA,NA,0.645882353,NA,0.366962765,NA,60.52631579,NA,NA,NA,NA,NA,NA,NA,NA,NoFB,NA,94,NA,1393.075214,NA,1370.612903,NA,448.829661,NA,2.775,NA,12,NA,NA,NA,NA,NA,0.670200893,NA,-0.194761377,NA,78.33333333,NA,1.695406424,NA,-0.302646169,NA,1.108639626,NA,0.653907883,NA
70,1197,100,728,3/31/25 9:16,17,1,4,8,1,,,,2,1,3.5,3.5 or higher,1,32,Male,28,12,NoFB,NoFB,17,21,8695.583333,8549.368421,8855.058824,8647.714286,970.9736842,1258.763158,3.131578947,3.078947368,5,5,17,11,NA,NA,NA,NA,0.422196796,0.636155606,0.147640527,-0.11461724,44.73684211,55.26315789,NA,NA,NA,NA,NA,NA,NA,NA,NoFB,NoFB,95,96,715.2958333,657.7616667,619.8768421,579.3489583,697.6117647,419.9764706,3.283333333,3.125,14,11,NA,NA,NA,NA,0.800114548,0.772370487,-0.412915851,-0.282511211,79.16666667,80,1.845072779,2.130815938,-0.498960305,-0.589026757,2.093502607,1.923118949,1.134645002,0.902527015
71,1198,100,410,4/4/25 14:00,5,1,2,4,2,,,,1,1,3.98,3.98,1,20,Female,27,15,LowType2,LowType2,27,20,5476.526316,8396.026316,5416,7751.7,984.9473684,1209.210526,3.315789474,3.184210526,7,3,9,13,NA,NA,NA,NA,0.473474801,0.576136364,0.127004191,-0.222838867,71.05263158,52.63157895,1.051522316,NA,0.071998968,NA,5.47498702416045e-06,NA,5.20672451715686e-06,NA,LowType2,LowType2,91,91,688.345,421.6875,625.1274725,401.0582418,826.7789916,427.3033333,2.616666667,3.183333333,8,20,NA,NA,NA,NA,0.693986676,0.603711412,0.065994946,-0.128770634,75.83333333,75.83333333,1.373745819,1.38715019,0.182550864,0.222981573,1.38857736,0.669152441,1.010796423,0.482393649
72,1200,100,56586,4/25/25 9:02,7,1,3,7,1,,,,2,1,3.5,3,4,22,Female,22,10,NA,NoFB,NA,20,NA,7340.03125,NA,7579.5,NA,1969.972973,NA,2.263157895,NA,10,NA,7,NA,NA,NA,NA,NA,0.582954545,NA,0.025316456,NA,52.63157895,NA,NA,NA,NA,NA,NA,NA,NA,NoFB,NA,91,NA,825.0652542,NA,716.96,NA,561.9052632,NA,2.541666667,NA,12,NA,NA,NA,NA,NA,0.582032605,NA,0.007728716,NA,75.83333333,NA,1.364688223,NA,0.037812506,NA,0.609474188,NA,0.446603245,NA
73,1201,100,279,4/15/25 20:35,7,1,4,3.5,2,,,,1,1,3.8,3.7,1,22,Female,14,13,HighType2,HighType2,30,23,6834.135135,9192.583333,6744.266667,8608.652174,1010.578947,1347.184211,2.947368421,2.684210526,12,11,5,9,NA,NA,NA,NA,0.5703125,0.585882353,0.011857708,0.019462465,78.94736842,60.52631579,1.532349417,NA,0.168414583,NA,0.529389182,NA,0.345475501,NA,HighType2,HighType2,98,97,650.6775,451.265,595.3346939,412.06875,717.2084746,343.989916,2.275,2.25,3,2,NA,NA,NA,NA,0.694583333,0.71959596,0.359369185,0.51602106,81.66666667,80.83333333,1.870950374,1.717648014,0.237662138,0.184334257,1.242717657,1.44018462,0.664217328,0.838463183
74,1202,100,250,4/9/25 12:31,5,1,3,6,2,,,,2,1,4.0 (last semester),3.57,1,20,Female,27,15,NA,LowType2,NA,19,NA,6369.945946,NA,6443.578947,NA,740.2105263,NA,2.236842105,NA,11,NA,8,NA,NA,NA,NA,NA,0.513605442,NA,0,NA,50,NA,NA,NA,NA,NA,NA,NA,NA,LowType2,NA,89,NA,559.175,NA,518.3123596,NA,567.9966102,NA,2.55,NA,13,NA,NA,NA,NA,NA,0.619214119,NA,-0.010143321,NA,74.16666667,NA,1.280422123,NA,-0.139630956,NA,0.728933193,NA,0.569291314,NA
75,1203,100,246,4/1/25 17:19,5,1,2,4,2,,,,2,1,4,4,1,20,Male,22,17,NoFB,NoFB,32,27,7989.236842,9522.736842,7812.53125,9708.62963,1083.973684,1342,3.605263158,3.131578947,4,6,6,6,NA,NA,NA,NA,0.488970588,0.635278515,1,-0.178467507,84.21052632,71.05263158,1.905764407,1.07405439,-0.197467177,-0.218387831,1.33162338404726e-06,1.124333882,6.98734523186734e-07,1.046812798,NoFB,NoFB,97,92,693.1625,420.6341667,635.6371134,400.0571429,367.0033614,301.0756303,2.708333333,2.975,10,18,NA,NA,NA,NA,0.664444444,0.581382979,-0.069924687,-0.115772205,80.83333333,76.66666667,1.707689697,1.450245214,0.124052695,0.122673154,1.193378012,0.525260779,0.69882603,0.362187562
76,1204,100,554,4/4/25 10:49,6,1,3,6,2,,,,1,1,3.9,3.94,1,21,Female,28,16,HighType2,HighType2,25,21,7197.736842,10424.61111,7360.72,10499.80952,1332.394737,2029.026316,2.657894737,2.763157895,9,6,8,7,NA,NA,NA,NA,0.541975309,0.643020595,-0.013458732,-0.085443038,65.78947368,55.26315789,0.772401554,NA,-0.067561413,NA,0.317495629,NA,0.411049961,NA,HighType2,HighType2,93,95,751.1109244,674.5075,622.1538462,498.5010638,482.1,462.2258621,2.225,2.408333333,3,6,NA,NA,NA,NA,0.578947368,0.637647957,0.341949842,0.154983368,77.5,79.16666667,1.447451474,1.65534407,0.153651652,-0.21253093,0.684920781,0.797198681,0.473190841,0.481590925
77,1205,100,416,4/14/25 12:20,5,1,4,6,1,,,,2,1,2.8,2.8,1,20,Female,19,11,LowType1,LowType1,30,18,4454.763158,7436.684211,4301.966667,6978.722222,909.5,682.3684211,3.342105263,3,5,4,3,9,NA,NA,NA,NA,0.7046875,0.640909091,-0.255813953,-0.177619502,78.94736842,47.36842105,1.522344509,NA,0.206249312,NA,1.774693,NA,1.165763065,NA,LowType1,LowType1,96,93,530.1325,703.3191667,529.046875,651.1419355,500.935,335.19,2.516666667,2.391666667,6,8,NA,NA,NA,NA,0.59398263,0.613611615,0.142857143,0.089984799,80,77.5,1.835448079,1.486977583,0.342614758,0.254712381,0.852726175,0.709441972,0.464587468,0.47710334
78,1206,100,303,3/31/25 15:13,4,1,1,2,2,,,,1,1,4,4,1,18,Male,24,16,LowType1,LowType1,27,30,9990.162162,8834.405405,10082.07407,8764,1181.605263,1105.710526,2.842105263,2.736842105,8,14,4,5,NA,NA,NA,NA,0.725464191,0.5015625,-0.052056489,0.030033051,71.05263158,78.94736842,1.123707717,1.616158952,0.372735432,-0.310878905,1.508120965,0.000273384,1.342093626,0.000169157,LowType1,LowType1,93,98,716.2758333,587.2283333,679.5849462,591.9979592,681.4775862,361.5615385,2.558333333,2.766666667,13,6,NA,NA,NA,NA,0.529582577,0.714166667,-0.002154407,0.024597084,77.5,81.66666667,1.480793437,1.770463263,0.039445299,-0.04935766,0.138395311,1.494944686,0.093460241,0.844380517
79,1208,100,393,4/1/25 14:34,5,1,2,4,2,,,,1,1,3.67,3.75,1,20,Female,22,16,NoFB,NoFB,26,26,9597.432432,10862.78378,9689.346154,10950.5,2006.5,2113.605263,3.026315789,2.710526316,7,7,7,5,NA,NA,NA,NA,0.661989796,0.674744898,-0.10529758,-0.10529758,68.42105263,68.42105263,0.90752438,0.91639949,0,-0.139560381,1.287145712,1.390247601,1.418304279,1.517075922,NoFB,NoFB,97,97,1287.141667,683.1583333,1308.927835,683.1134021,712.6448598,386.8389831,2,2.516666667,2,6,NA,NA,NA,NA,0.551515152,0.616161616,0.442313961,0.127827215,80.83333333,80.83333333,1.697814662,1.714431309,-0.318967785,-0.077373637,0.449298203,0.944221238,0.264633245,0.550748947
80,1209,100,504,4/6/25 8:26,8,1,4,4,2,,,,2,1,3.4,3.4,1,23,Female,24,9,NoFB,NoFB,26,23,9031.184211,9042.405405,9089.230769,8822.391304,965.7894737,1232.684211,2.5,2.710526316,13,4,5,7,NA,NA,NA,NA,0.542091837,0.68,0.014084507,-0.26804212,68.42105263,60.52631579,0.903924823,NA,0.045238159,NA,0.315201263,NA,0.348702962,NA,NoFB,NoFB,91,94,973.7333333,568.8333333,827.9010989,571.9148936,552.1764706,420.6333333,2.166666667,2.208333333,2,0,NA,NA,NA,NA,0.633194589,0.614397321,0.543535114,1,75.83333333,78.33333333,1.373773053,1.551270379,0.012396776,0.191786377,1.009071188,1.50532001,0.73452539,0.970378878
81,1210,100,636,4/10/25 11:30,6,1,3,6,2,,,,1,1,3.157,3.157,1,21,Female,31,17,NA,NoFB,NA,25,NA,8981.027778,NA,9459.36,NA,728.4210526,NA,3.473684211,NA,0,NA,12,NA,NA,NA,NA,NA,0.555555556,NA,-1,NA,65.78947368,NA,0.786878552,NA,0.20432085,NA,0.399629465,NA,0.507866765,NoFB,NA,96,NA,904.5808333,NA,1018.413542,NA,250.925,NA,3.966666667,NA,24,NA,NA,NA,NA,NA,0.525510204,NA,0,NA,80,NA,1.773140152,NA,0.496424051,NA,0.019812257,NA,0.011173543,NA
82,1211,100,378,4/1/25 14:20,4,1,1,I am in my 2nd semester at UNL,2,,,,2,2,3.9,3.6,1,18,Female,27,8,LowType1,LowType1,24,17,7457.263158,8266.567568,7760.708333,8190.941176,1164.578947,1417.631579,2.631578947,2.736842105,6,4,5,11,NA,NA,NA,NA,0.691105769,0.61784897,-0.100917431,-0.161872739,63.15789474,44.73684211,NA,NA,NA,NA,NA,NA,NA,NA,LowType1,LowType1,97,98,758.0991667,642.5675,721.1113402,628.2408163,615.4638655,479.9608333,1.908333333,2.241666667,0,2,NA,NA,NA,NA,0.662828283,0.639375,1,0.470627954,80.83333333,81.66666667,1.710181365,1.781876088,0.112330884,-0.076483522,1.271746918,0.944645598,0.743632777,0.530141015
83,1212,100,258,4/3/25 9:11,4,1,1,2,2,,,,1,1,3.6,3.6,1,18,Female,16,16,LowType1,LowType1,24,19,5406.947368,6433.236842,5617,5891.526316,880.0263158,620.9736842,2.815789474,3.210526316,8,5,8,16,NA,NA,NA,NA,0.540865385,0.459183673,-0.048543689,0.186440678,63.15789474,50,NA,NA,NA,NA,NA,NA,NA,NA,LowType1,LowType1,91,95,597.6641667,362.1608333,599.6824176,340.1052632,234.0092437,246.8529915,3.6,3.5,23,20,NA,NA,NA,NA,0.656781131,0.570828561,-0.395941821,-0.219594595,75.83333333,79.16666667,1.389424702,1.616884279,-0.105256553,-0.224593327,1.19953878,0.486274144,0.863334859,0.300747648
84,1214,100,372,4/7/25 11:55,7,1,4,10,1,,,,2,1,2.9,2.9,4,22,Female,19,8,HighType2,HighType2,21,25,7103.789474,8829,7191.47619,9970.44,1183.657895,1504.815789,2.105263158,2.184210526,13,12,9,4,NA,NA,NA,NA,0.419908467,0.543209877,-0.027439814,0.079076621,55.26315789,65.78947368,NA,0.772401554,NA,0.067561413,NA,0.287830719,NA,0.372643889,HighType2,HighType2,94,94,741.2116667,519.0141667,742.0670213,501.3096774,681.7264957,461.7186441,2.6,2.758333333,11,12,NA,NA,NA,NA,0.656622024,0.701078869,-0.03446661,-0.161889018,78.33333333,78.33333333,1.541826808,1.598263928,-0.025269168,-0.284138199,1.095404054,1.298593456,0.71045856,0.812502512
85,1215,100,337,4/1/25 15:49,7,1,4,5,2,,,,1,1,3.706,3.706,4,22,Male,28,16,LowType1,LowType1,35,29,6774.473684,7474.405405,6292.2,7554.862069,1030.710526,1368.421053,3.105263158,2.973684211,5,6,1,5,NA,NA,NA,NA,0.764864865,0.656891496,-0.289473684,-0.201514394,92.10526316,76.31578947,NA,1.485064738,NA,-0.376426012,NA,1.046134956,NA,0.704437274,LowType1,LowType1,89,92,770.6425,302.0816667,599.1898877,304.1439561,545.7883333,251.6254237,2.475,1.625,8,0,NA,NA,NA,NA,0.692973693,0.606914894,0.121978432,1,74.16666667,76.66666667,1.754381966,1.41501816,0.877190983,0.183108567,1.300050621,0.789909977,0.741030543,0.558233102
86,1216,100,569,3/31/25 16:04,5,1,2,Currently in my 4th semester.,2,,,,2,1,3.67,3.604,1,20,Female,25,13,NoFB,NoFB,22,23,8210.852941,11139.48571,7790.136364,11152.78261,1206.394737,2436.631579,2.473684211,2.421052632,8,11,5,4,NA,NA,NA,NA,0.684027778,0.62,0.03711206,0.121262458,57.89473684,60.52631579,NA,NA,NA,NA,NA,NA,NA,NA,NoFB,NoFB,91,92,892.0675,523.2361345,914.9318681,473.9717391,637.7394958,525.8605042,1.941666667,2.158333333,0,2,NA,NA,NA,NA,0.594693028,0.606205674,1,0.497951325,75.83333333,76.66666667,1.42383542,1.427109388,-0.187517197,0.012603274,0.63607715,0.890443775,0.446735023,0.62394921
87,1217,100,503,3/31/25 13:43,5,1,1,2,2,,,,1,1,4,4,1,20,Male,26,14,HighType2,HighType2,27,26,9200.189189,7520.702703,8610.444444,7225.346154,1442.5,974.4736842,3.026315789,3.263157895,2,3,5,9,NA,NA,NA,NA,0.656498674,0.6875,-0.566618911,-0.295019157,71.05263158,68.42105263,1.058632733,0.904478286,0.262322241,0.185245018,1.526948173,1.481730186,1.442377631,1.638215321,HighType2,HighType2,92,90,931.4823529,820.0416667,731.83,717.1777778,374.4384615,371.1076271,2.925,2.608333333,12,18,NA,NA,NA,NA,0.692021277,0.567425272,-0.147479495,-0.056521739,76.66666667,75,1.579940412,1.303733767,-0.455076033,-0.143378824,1.214630411,0.501760355,0.768782419,0.384864124
88,1219,100,384,3/31/25 22:08,6,1,4,8,2,,,,2,1,3.6,3.8,7,21,Female,26,10,NoFB,NoFB,19,17,1706.285714,4041.297297,2159.789474,4802.294118,383.3684211,554.4210526,2.5,2.789473684,11,7,9,15,NA,NA,NA,NA,0.416099773,0.378718535,-0.011235955,0.085443038,50,44.73684211,NA,NA,NA,NA,NA,NA,NA,NA,NoFB,NoFB,95,91,738.2775,305.8658333,429.9182796,296.2640449,532.2561404,383.7175,2.525,3.116666667,7,18,NA,NA,NA,NA,0.686631944,0.580818592,0.058611698,-0.109752342,79.16666667,75.83333333,1.595613524,1.398490405,0.096855343,0.069056956,1.242098053,0.682116107,0.778445428,0.487751725
89,1220,100,386,4/16/25 14:03,6,1,4,8,2,,,,1,1,3.9,3.9,4,21,Female,27,17,LowType1,LowType1,21,16,4296.394737,5430.324324,4189.285714,6293.4375,615.7105263,792,2.289473684,2.368421053,14,9,3,7,NA,NA,NA,NA,0.592677346,0.586805556,0.209205021,0.06295754,55.26315789,42.10526316,NA,NA,NA,NA,NA,NA,NA,NA,LowType1,LowType1,94,93,480.8575,349.1191667,471.2255319,326.9311828,391.9816667,270.2366667,2.958333333,3.075,21,16,NA,NA,NA,NA,0.572544643,0.656261343,0.018782918,-0.177024037,78.33333333,77.5,1.525637337,1.476410608,0.043099811,0.131218469,0.555292312,0.987662736,0.363973992,0.668962097
90,1221,100,339,4/3/25 13:00,5,1,2,4,1,,,,1,1,3.9,3.8,1,20,Female,22,11,LowType1,LowType1,27,24,5790.868421,6612.842105,5651.777778,5723.958333,871.0526316,850.4473684,3.026315789,3.105263158,7,7,4,10,NA,NA,NA,NA,0.681697613,0.524038462,-0.092953523,0.006125442,71.05263158,63.15789474,1.051522316,NA,0.071998968,NA,1.428944793,NA,1.358929593,NA,LowType1,LowType1,92,92,502.25,470.5283333,482.1088889,446.3021978,637.7579832,354.5633333,3.091666667,2.833333333,14,13,NA,NA,NA,NA,0.707616487,0.654609929,-0.22737819,-0.090721649,76.66666667,76.66666667,1.427757592,1.445853539,-0.002618704,0.160419558,1.367338975,1.140581281,0.957682861,0.788863637
91,1222,100,320,4/4/25 11:32,5,1,2,4,2,,,,1,1,3.9,3.9,4,20,Female,18,15,LowType1,LowType1,17,20,1054.789474,1106.131579,1183.705882,780.6,218.4210526,390.6578947,2.157894737,2.026315789,15,19,4,0,NA,NA,NA,NA,0.470251716,0.520454545,-0.195304422,1,44.73684211,52.63157895,NA,NA,NA,NA,NA,NA,NA,NA,LowType1,LowType1,94,95,494.9416667,388.25,454.6170213,375.2842105,449.2941176,328.3135593,1.75,2.216666667,0,1,NA,NA,NA,NA,0.649925595,0.59908362,1,0.669401305,78.33333333,79.16666667,1.53518919,1.609079041,-0.079709945,0.13004977,1.14542195,1.091209391,0.746111266,0.678157731
92,1223,100,648,4/15/25 19:19,7,1,4,3,2,,,,2,1,3.7,3.7,4,22,Male,28,16,NoFB,NoFB,24,20,6982.081081,10842.88889,7240.166667,10514.15,1377.131579,1420.105263,2.447368421,2.052631579,11,14,4,1,NA,NA,NA,NA,0.621394231,0.614772727,0.09767369,0.600188147,63.15789474,52.63157895,NA,NA,NA,NA,NA,NA,NA,NA,NoFB,NoFB,93,96,893.0483333,773.1725,758.3924731,738.6916667,658.5302521,579.2364407,2.683333333,2.4,9,7,NA,NA,NA,NA,0.679108584,0.615384615,-0.017469561,0.093117409,77.5,80,1.540912594,1.796070079,0.445817612,0.45952549,1.553969503,0.992026858,1.008473491,0.552331933
93,1224,100,243,4/3/25 16:44,5,1,2,4,2,,,,1,1,3.2,3,1,20,Female,27,16,HighType2,HighType2,23,19,5684.648649,7490.868421,5951.521739,8050.105263,833.0526316,929.3157895,2.394736842,2.710526316,13,8,3,13,NA,NA,NA,NA,0.608235294,0.498866213,0.2113306,0.060240964,60.52631579,50,NA,NA,NA,NA,NA,NA,NA,NA,HighType2,HighType2,92,93,625.6233333,502.7558333,665.3824176,472.4695652,422.0350877,294.5155172,2.783333333,2.85,8,13,NA,NA,NA,NA,0.731451613,0.641016334,-0.003295323,-0.119007556,76.66666667,77.5,2.065825353,2.010819262,-0.94783972,-0.658383155,1.513645972,0.923258036,0.732707617,0.459145212
94,1227,100,329,4/15/25 23:15,5,1,2,4,2,,,,1,1,4,4,1,20,Male,29,13,HighType2,HighType2,27,27,7841.421053,8462.324324,7744.555556,8453.518519,1427.368421,1372.894737,3.657894737,3.684210526,0,0,10,10,NA,NA,NA,NA,0.564986737,0.579575597,-1,-1,71.05263158,71.05263158,1.052123513,1.051522316,-0.028861186,0.071998968,0.501703869,0.739957933,0.476848832,0.703701596,HighType2,HighType2,96,99,777.8491667,635.0216667,692.7760417,607.8888889,616.665812,421.8126051,2.95,2.875,11,11,NA,NA,NA,NA,0.674254317,0.663366337,-0.126261383,-0.181384248,80,82.5,1.652387294,1.914881736,0.151703897,0.258157566,1.15618652,1.25621327,0.699706736,0.656026556
95,1228,100,551,4/11/25 0:13,5,1,3,4,2,,,,1,1,3.969,3.969,1,20,Female,18,17,NA,LowType1,NA,25,NA,7831.513514,NA,7575.68,NA,1199.789474,NA,3.157894737,NA,4,NA,6,NA,NA,NA,NA,NA,0.732098765,NA,-0.298026999,NA,65.78947368,NA,0.786878552,NA,0.20432085,NA,2.159081256,NA,2.74385577,LowType1,NA,95,NA,679.4666667,NA,672.4210526,NA,706.7033898,NA,2.041666667,NA,4,NA,NA,NA,NA,NA,0.664757541,NA,0.224192187,NA,79.16666667,NA,1.737439985,NA,-0.281629388,NA,0.865119246,NA,0.497927556,NA
96,1229,100,282,4/18/25 9:36,NA,1,2,4,2,,,,2,1,3.8,3.3,1,NA,Female,27,17,LowType2,LowType2,20,19,4261.777778,6325.864865,4500.7,7610.631579,749.9210526,873.3947368,2.394736842,2.763157895,7,5,5,10,NA,NA,NA,NA,0.6625,0.60430839,0.062792877,-0.125,52.63157895,50,NA,NA,NA,NA,NA,NA,NA,NA,LowType2,LowType2,97,95,557.2558333,806.9383333,490.221875,707.1139785,443.5425,226.6254237,2.533333333,2.666666667,7,11,NA,NA,NA,NA,0.610102041,0.628865979,0.078612035,-0.084824478,80.83333333,79.16666667,1.727790838,1.589019952,0.079547213,-0.019944546,0.837784947,0.983495222,0.484887944,0.618931953
97,1232,100,361,5/14/25 13:08,NA,1,1,2,1,,,,1,1,3.72,3.72,1,NA,Diverse,20,13,LowType2,LowType2,31,31,8579.815789,8754.763158,7801.612903,8032.870968,1414.894737,1606.684211,2.394736842,2.736842105,15,9,0,3,NA,NA,NA,NA,0.732323232,0.68013468,1,-0.086182537,81.57894737,81.57894737,1.683919066,1.690004317,0.125462033,-0.089587132,1.878847889,1.436422646,1.115759021,0.849952057,LowType2,LowType2,91,95,828.9991667,551.8091667,724.3593407,470.8873684,742.3655172,501.7266667,2.308333333,2.025,2,1,NA,NA,NA,NA,0.733610822,0.638029782,0.584550165,0.682427974,75.83333333,79.16666667,2.144940585,1.579755292,-0.808323316,-0.227816081,1.985346135,1.003593183,0.925594932,0.635283951
98,1233,100,486,5/14/25 11:55,5,1,2,4,2,,,,2,2,3.899,3.899,1,20,Female,8,10,LowType2,LowType2,18,22,6985.891892,11883.52778,7308.111111,12761.59091,1416.578947,1333,2.447368421,2.052631579,11,12,8,3,NA,NA,NA,NA,0.505681818,0.642361111,-0.00491083,0.238809581,47.36842105,57.89473684,NA,NA,NA,NA,NA,NA,NA,NA,LowType2,LowType2,94,94,799.5016667,471.3083333,796.4648936,457.4819149,698.0446429,201.5119658,2.158333333,2.416666667,1,6,NA,NA,NA,NA,0.622395833,0.608630952,0.713326862,0.167566889,78.33333333,78.33333333,1.547079064,1.527526959,-0.074256229,-0.412632645,1.071011578,0.783297441,0.692279796,0.512787965
99,1235,100,194,5/14/25 12:52,5,1,2,4,2,,,,1,1,4,4,4,20,Male,31,16,LowType2,LowType2,32,33,5293.736842,5614.162162,5176.875,5509.30303,580.1052632,466.2105263,3.605263158,3.842105263,4,1,3,4,NA,NA,NA,NA,0.753676471,0.714285714,-0.391304348,-0.689681924,84.21052632,86.84210526,1.866856474,2.084938671,0.033993329,-0.107880045,2.530792834,3.016356493,1.35564403,1.446736316,LowType2,LowType2,95,97,821.6066667,527.035,771.3894737,462.2896907,482.0433333,241.5733333,2.316666667,2.675,6,1,NA,NA,NA,NA,0.634020619,0.757171717,0.131808784,0.697522142,79.16666667,80.83333333,1.778425006,1.701061403,-0.42238738,-0.147670471,1.050813885,1.881380489,0.590867695,1.106003866
100,1237,100,222,5/22/25 13:42,5,1,2,2,2,,,,1,1,4,4,4,20,Male,26,16,NA,LowType2,NA,29,NA,8898.052632,NA,8641.068966,NA,831.7631579,NA,2.578947368,NA,13,NA,5,NA,NA,NA,NA,NA,0.541055718,NA,0.00083165,NA,76.31578947,NA,1.353175152,NA,-0.07882745,NA,0.305525701,NA,0.225784298,LowType2,NA,94,NA,387.4775,NA,374.5031915,NA,389.5555556,NA,2.666666667,NA,8,NA,NA,NA,NA,NA,0.639950166,NA,0.065249684,NA,78.33333333,NA,1.529949174,NA,-0.172557652,NA,1.292449001,NA,0.844765972,NA
101,1238,100,419,5/15/25 14:59,5,1,2,2,2,,,,2,1,3.2,2.8,1,20,Female,22,15,LowType2,LowType2,25,22,7203.842105,7225.918919,7809.2,7029.818182,898.7631579,859.4736842,2.736842105,2.710526316,11,12,9,9,NA,NA,NA,NA,0.47654321,0.451388889,0.072662078,0.00372476,65.78947368,57.89473684,0.786878552,NA,0.20432085,NA,1.11922812563366e-10,NA,1.42236450890738e-10,NA,LowType2,LowType2,95,95,626.56,590.2916667,591.5336842,531.8389473,688.4051282,578.822689,2.6,2.925,12,17,NA,NA,NA,NA,0.571210386,0.524436808,-0.035068372,-0.012852516,79.16666667,79.16666667,1.625894062,1.637603349,-0.188384266,-0.284626494,0.477231985,0.226529687,0.293519729,0.13833001
102,1240,100,240,1/22/26 14:26,4,1,1,1,1,,,,1,1,3.2,3.2,1,18,Male,21,11,NA,NA,NA,NA,NA,NA,NA,NA,NA,NA,NA,NA,NA,NA,NA,NA,NA,NA,NA,NA,NA,NA,NA,NA,NA,NA,NA,NA,NA,NA,NA,NA,NA,NA,NA,NA,NA,NA,NA,NA,NA,NA,NA,NA,NA,NA,NA,NA,NA,NA,NA,NA,NA,NA,NA,NA,NA,NA,NA,NA,NA,NA,NA,NA,NA,NA
103,1241,100,338,1/25/26 20:33,4,1,1,1,2,,,,1,1,3.2,3.2,1,18,Female,27,17,NoFB,NoFB,28,24,7691.631579,10377.34211,7018.964286,10220.66667,1528.684211,1249.868421,3.289473684,2.631578947,5,12,9,8,65,64,79,49,0.429166667,0.513221154,0.23949127,0.010309278,73.68421053,63.15789474,1.213698071,NA,-0.109648465,NA,1.75747625006781e-08,NA,1.44803414643574e-08,NA,NoFB,NoFB,93,95,690.2433333,650.775,672.9827957,572.4526316,370.8714286,189.3644068,2.875,3.016666667,19,12,80,70,60,70,0.515426497,0.74742268,-0.017306581,-0.330309687,77.5,79.16666667,1.564603478,1.653033671,0.257901226,-0.140904731,0.127839922,2.082203237,0.081707553,1.259625423
104,1243,100,288,1/23/26 16:12,4,1,1,"One full semester, currently in second semester",2,,,,1,1,4,4,1,18,Female,18,14,NoFB,NoFB,28,28,5639.052632,6015.368421,5968.857143,5811.464286,655,810.2631579,3.289473684,3.026315789,5,7,7,7,49,29,57,52,0.595833333,0.576388889,-0.177513947,-0.056603774,73.68421053,73.68421053,1.265541264,1.195520252,-0.266664275,0,0.646184032,0.733494852,0.510598943,0.613536116,NoFB,NoFB,93,92,565.5975,402.9833333,515.0150538,329.5728261,323.9552632,243.2786325,2.083333333,2.25,3,4,50,30,30,30,0.633393829,0.670744681,0.377439469,0.325125084,77.5,76.66666667,1.634627209,1.579940412,0.408313633,0.455076033,1.004370523,1.188284424,0.614433993,0.752107114
105,1244,100,433,1/22/26 16:52,5,1,1,1,2,,,,2,1,4,4,1,20,Male,24,16,LowType2,LowType2,15,18,10467.7027,10859.89189,9154.933333,10732.22222,761.3157895,787.5789474,2.526315789,2.342105263,9,11,9,6,39,50,39,39,0.492941176,0.534090909,0.003795066,0.061776062,39.47368421,47.36842105,NA,NA,NA,NA,NA,NA,NA,NA,LowType2,LowType2,93,97,1257.194167,559.2641667,1066.795699,543.687234,941.0622642,394.4353448,2.508333333,2.575,6,9,100,80,80,70,0.64137931,0.588888889,0.181978476,0.021592032,77.5,80.83333333,1.562303659,1.676383137,0.270186023,0.148194575,0.966468663,0.430218945,0.618617679,0.256635214
106,1245,100,537,2/10/26 15:03,5,3,3,5,2,,,,1,1,3.2,3.2,1,20,Female,18,8,HighType2,HighType2,24,24,7344.540541,7000.473684,6458.541667,5833.208333,1764.842105,1458.342105,2.842105263,3,7,7,7,7,40,61,35,39,0.655048077,0.618990385,-0.095057034,-0.095057034,63.15789474,63.15789474,NA,NA,NA,NA,NA,NA,NA,NA,HighType2,HighType2,92,95,539.7666667,325.925,395.3296703,318.0319149,579.9316239,668.925,2.791666667,3.075,13,19,80,80,50,50,0.609219858,0.579228713,-0.061838956,-0.13131924,76.66666667,79.16666667,1.563742604,1.595141467,0.303453606,-0.190583899,0.636474962,0.465104875,0.407020286,0.291575941
107,1246,100,458,1/22/26 17:59,4,1,1,1,2,,,,1,3,3.9,3.9,1,18,Male,19,15,LowType2,LowType2,27,19,8340.684211,8668.833333,8422.592593,8236.578947,1184.736842,1286.447368,2.868421053,3.131578947,9,4,6,14,63,65,64,39,0.591511936,0.487528345,-0.0546875,-0.076923077,71.05263158,50,1.051522316,NA,-0.071998968,NA,0.585667772,NA,0.55697132,NA,LowType2,LowType2,96,94,1345.366667,750.625,1358.125,664.4361702,635.0603448,437.5916667,2.341666667,2.641666667,4,15,70,60,60,60,0.614010989,0.568452381,0.244391972,-0.067227875,80,78.33333333,1.744379268,1.637318224,-0.534834307,-0.321458541,0.791711771,0.553747051,0.45386447,0.338203681
108,1247,100,414,1/22/26 17:42,4,1,1,1,1,,,,1,1,3.7,3.9,7,18,Female,29,14,NoFB,NoFB,29,34,6290.486486,8484.567568,6107.206897,8601.352941,1141.289474,1310.973684,3.5,3.526315789,1,2,8,3,84,80,90,84,0.598240469,0.634259259,-0.4957759,-0.544078362,76.31578947,89.47368421,1.353981661,NA,-0.03950667,NA,0.665370604,NA,0.491417737,NA,NoFB,NoFB,91,94,980.0394958,392.2075,744.3134831,392.2784946,578.282906,285.9865546,3.358333333,3.316666667,21,24,100,80,40,60,0.650884495,0.505580357,-0.475522295,0.281898467,75.83333333,78.33333333,1.379977791,1.551270379,0.065426131,0.191786377,0.989268619,0.006148053,0.716872855,0.003963238
109,1248,100,585,1/27/26 16:45,5,1,2,4,2,,,,1,3,3.69,2.973,1,20,Female,16,15,LowType2,LowType2,29,25,10781.26316,12495.64865,11098.82759,12688.68,1129.289474,1338.578947,3.157894737,2.947368421,9,6,7,5,61,65,62,65,0.45601173,0.665432099,0.106473401,-0.129535083,76.31578947,65.78947368,1.353175152,0.795963337,-0.07882745,-0.156941274,7.10227026513867e-10,1.20795083,5.24859642340207e-10,1.517596068,LowType2,LowType2,96,94,819.6541667,449.5283333,832.79375,428.3053191,880.1233333,353.4766667,2.675,2.716666667,5,11,70,60,50,50,0.720565149,0.673735119,0.162072767,-0.049569356,80,78.33333333,1.649825665,1.538293111,-0.010458311,0.030822349,1.49700565,1.223357855,0.907372022,0.79526967
110,1249,100,283,1/23/26 7:35,5,1,3,2,2,,,,1,1,Unsure,Unsure,1,20,Female,27,7,LowType2,LowType2,19,14,6869.026316,7310.513514,7799.315789,6177.142857,1086.552632,1266.315789,2.815789474,2.315789474,5,10,9,8,19,51,16,10,0.646258503,0.518028846,-0.125,-0.042553191,50,36.84210526,NA,NA,NA,NA,NA,NA,NA,NA,LowType2,LowType2,92,93,1004.178333,491.2608333,950.6543478,462.1526882,766.5260504,539.4383333,2.55,2.591666667,7,9,80,30,20,40,0.667375887,0.626134301,0.12368857,0.048985651,76.66666667,77.5,1.425832421,1.475205649,-0.01005598,-0.076851697,1.295221927,0.921252813,0.908397023,0.62449111
111,1250,100,116,1/25/26 12:25,5,1,1,2,2,,,,1,1,4,4,1,20,Male,32,17,NoFB,NoFB,26,21,4220.947368,6895.864865,4057.230769,7540.666667,414.2631579,766.8947368,2.921052632,3.368421053,2,3,11,15,56,67,74,76,0.510204082,0.556064073,-0.036520769,0.082397004,68.42105263,55.26315789,0.91639949,NA,0.139560381,NA,0.011083907,NA,0.01209506,NA,NoFB,NoFB,92,93,401.1791667,543.0268908,416.7913043,306.1304348,402.0333333,261.0058824,2.908333333,2.783333333,13,14,70,50,70,70,0.687411348,0.638112523,-0.080366354,-0.145726339,76.66666667,77.5,1.426645793,1.486705968,0.078315711,-0.044069682,1.361761462,1.036301042,0.954519664,0.697045054
112,1251,100,620,1/23/26 15:17,4,1,1,1,2,,,,1,1,3.246,3.246,1,18,Female,30,11,LowType1,LowType1,22,25,10510.68571,8948.842105,11669.68182,8631.84,1008.054054,935.5263158,2.421052632,2.710526316,9,10,8,8,67,75,58,64,0.548611111,0.481481481,-0.016806723,0.006951341,57.89473684,65.78947368,NA,0.786878552,NA,-0.20432085,NA,8.92855909404039e-07,NA,1.13468070361931e-06,LowType1,LowType1,93,95,779.8583333,479.5583333,718.7010753,480.36,537.45,360.0483051,2.008333333,1.741666667,2,1,80,60,60,50,0.629401089,0.625811378,0.522223327,0.624642579,77.5,79.16666667,1.492422231,1.579481274,0.148450989,0.10087701,1.015718095,0.867213788,0.680583601,0.549049743
113,1252,100,168,2/1/26 20:22,4,1,1,1,2,,,,1,2,4,4,1,18,Female,18,15,LowType1,LowType1,21,20,5631.028571,8533.393939,5405.761905,7961.9,1067.315789,998.5142857,3.052631579,2.342105263,0,12,13,6,49,69,50,49,0.616704805,0.543181818,-1,0.038461538,55.26315789,52.63157895,NA,NA,NA,NA,NA,NA,NA,NA,LowType1,LowType1,89,89,837.775,692.1075,711.7863636,488.0522727,519.6491667,532.4737288,2.566666667,2.658333333,9,16,90,50,60,40,0.605228105,0.588578089,0.09634362,-0.083289598,74.16666667,74.16666667,1.43665554,1.565090553,-0.38968305,-0.432130445,0.420024285,0.25491189,0.292362555,0.162873573
114,1253,100,257,1/22/26 19:57,4,1,1,2,2,,,,1,1,4,4,1,18,Female,29,17,NoFB,NoFB,26,25,8387.368421,9163.138889,8028.576923,10260,1036.736842,1475.657895,3.421052632,3.342105263,3,4,7,9,56,60,71,70,0.758928571,0.604938272,-0.408501012,-0.226291694,68.42105263,65.78947368,0.9210293,0.786878552,-0.094408293,-0.20432085,2.434107832,0.910119707,2.642812594,1.1566203,NoFB,NoFB,95,98,1101.476471,640.7733333,1099.687368,598.8683673,551.0193277,352.0971429,2.425,2.375,8,5,70,40,40,40,0.641466208,0.685833333,0.062570408,0.161631017,79.16666667,81.66666667,1.62777108,1.779902523,0.176401379,0.122179764,1.053490893,1.394780399,0.647198433,0.783627407
115,1254,100,323,1/23/26 23:28,5,1,1,1,2,,,,1,3,3.8,3.8,1,20,Female,13,11,NA,NoFB,NA,26,NA,8252.540541,NA,8476.730769,NA,1341.736842,NA,2.921052632,NA,10,NA,6,NA,44,NA,37,NA,0.566326531,NA,-0.027355623,NA,68.42105263,NA,0.91639949,NA,0.139560381,NA,0.410513274,NA,0.447963228,NoFB,NA,97,NA,451.4341667,NA,419.0164949,NA,528.615126,NA,3.108333333,NA,13,NA,70,NA,40,NA,0.687474747,NA,-0.30552235,NA,80.83333333,NA,1.710181365,NA,-0.112330884,NA,1.223280603,NA,0.715292909,NA
116,1256,100,717,1/30/26 13:18,4,1,1,This is my 2nd semester,2,,,,1,1,4,4,1,18,Male,17,12,LowType2,LowType2,35,27,10621.77778,11277.86486,10456.2,12109.14815,1306.789474,1112.210526,3.131578947,2.578947368,9,12,0,5,76,70,84,83,0.827027027,0.622015915,1,-0.002061856,92.10526316,71.05263158,NA,1.051522316,NA,0.071998968,NA,0.766295906,NA,0.728749066,LowType2,LowType2,93,96,1489.025833,699.565,1277.656989,635.065625,1122.22549,656.8322034,2.183333333,2.183333333,2,5,90,70,60,80,0.756261343,0.635596546,0.568450644,0.191489362,77.5,80,1.512599729,1.82256569,-0.166844067,0.400317038,1.835477957,0.853328152,1.213459134,0.468201589
117,1257,100,289,2/15/26 13:59,4,1,1,"1, this is my second",2,,,,1,2,3.9,3.9,1,18,Female,23,16,LowType2,LowType2,23,23,6401.333333,7281.657143,7127.391304,7255,1615.210526,875.5833333,2.815789474,2.605263158,6,5,10,5,69,60,70,70,0.638823529,0.7,-0.070850202,-0.132762313,60.52631579,60.52631579,NA,NA,NA,NA,NA,NA,NA,NA,LowType2,LowType2,92,95,647.5041667,1188.181667,601.101087,1056.973684,463.5781513,387.9483051,2.608333333,2.508333333,7,3,80,60,60,60,0.722340426,0.718022146,0.094952951,0.392395379,76.66666667,79.16666667,1.436004797,1.616884279,0.198554269,0.224593327,1.516379908,1.414145107,1.055971339,0.874611204
118,1260,100,176,2/2/26 9:40,4,1,1,1,1,,,,2,1,3,3,4,18,Male,18,9,LowType1,LowType1,22,24,3401.1875,7211.942857,3926.954545,6643.291667,777.7575758,1156.810811,3.184210526,3.578947368,5,1,14,13,59,49,43,41,0.513888889,0.602163462,0.232442229,-0.248416139,57.89473684,63.15789474,NA,NA,NA,NA,NA,NA,NA,NA,LowType1,LowType1,91,95,900.99,663.4416667,580.5637363,562.6631579,425.9991597,357.3017241,3.091666667,3.266666667,19,18,80,50,40,60,0.593479015,0.586101565,-0.218458989,-0.115044248,75.83333333,79.16666667,1.389424702,1.597928941,-0.105256553,0.072806502,0.490217072,0.482077924,0.352820179,0.301689213